<?xml version="1.0" encoding="UTF-8"?>
<metadata xml:lang="en"><Esri><CreaDate>20161101</CreaDate><CreaTime>17130800</CreaTime><ArcGISFormat>1.0</ArcGISFormat><SyncOnce>TRUE</SyncOnce><DataProperties><lineage><Process ToolSource="c:\program files (x86)\arcgis\desktop10.1\ArcToolbox\Toolboxes\Spatial Analyst Tools.tbx\StreamToFeature" Date="20150415" Time="111240">StreamToFeature GPL0 GPL1 D:\CREST_Projects\Basin_delineation\nyando\nyando.gdb\nyando\River1 NO_SIMPLIFY</Process><Process ToolSource="c:\program files (x86)\arcgis\desktop10.1\ArcToolbox\Toolboxes\Data Management Tools.tbx\AssignDomainToField" Date="20150415" Time="111242">AssignDomainToField GPL0 ChnShapeMusk MuskingumCungeShapeType #</Process><Process ToolSource="c:\program files (x86)\arcgis\desktop10.1\ArcToolbox\Toolboxes\Data Management Tools.tbx\AssignDomainToField" Date="20150415" Time="111243">AssignDomainToField GPL0 ChnShapeKine KinematicWaveShapeType #</Process><Process ToolSource="c:\program files (x86)\arcgis\desktop10.1\ArcToolbox\Toolboxes\Data Management Tools.tbx\AssignDomainToField" Date="20150415" Time="111244">AssignDomainToField GPL0 RouteMet RouteType #</Process></lineage></DataProperties></Esri></metadata>
